Label,Subtitle,Answer
2,"trade, investment, and climate change in asia and the pacific",0
2,asia and the pacific is on the front line of climate change with high exposure to extreme weather and many people living in low-lying coastal areas,1
2,asia and the pacific is on the front line of climate change with high exposure to extreme weather and many people living in low-lying coastal areas,1
2,almost 40 percent of disasters worldwide have occurred in asia and the pacific,1
2,almost 40 percent of disasters worldwide have occurred in asia and the pacific,1
0,with its rapid expansion of production capacity asia has become the major producer and exporter serving growing global demand,0
0,with its rapid expansion of production capacity asia has become the major producer and exporter serving growing global demand,1
2,asia is also a net exporter of carbon dioxide emissions ,0
2,the region's rapid economic growth and industrialization has increased co2 emissions despite the carbon reducing effects of technological advancements,1
1,the region's rapid economic growth and industrialization has increased co2 emissions despite the carbon reducing effects of technological advancements,1
1,the region needs to embrace climate smart policies to ensure trade and investment can be part of the climate solutions,1
1,the region needs to embrace climate smart policies to ensure trade and investment can be part of the climate solutions,1
1,policymakers can focus on four pillars promoting trade and environmental goods and services,0
1,nurturing green businesses,0
1,enhancing international cooperation on regulations,0
1,and developing carbon pricing mechanisms ,1
1,environmental goods and services such as solar panels wind turbines and wastewater technologies can help use resources more efficiently and reduce environmental impacts ,1
1,environmental goods and services such as solar panels wind turbines and wastewater technologies can help use resources more efficiently and reduce environmental impacts ,0
1,environmental goods and services such as solar panels wind turbines and wastewater technologies can help use resources more efficiently and reduce environmental impacts ,1
1,international and regional cooperation is essential for the development of a green and sustainable trading system,1
1,it's crucial to ensure that certification systems are interoperable and that regulations are coherent,1
1,it's crucial to ensure that certification systems are interoperable and that regulations are coherent,1
1,it's also important to strengthen collaboration on a green economy through trade agreements investment treaties and other initiatives,0
1,it's also important to strengthen collaboration on a green economy through trade agreements investment treaties and other initiatives,1
1,while considering border carbon adjustments mechanisms governments must carefully calibrate the impacts ,0
1,economies in the region need to be prepared for a changing trade environment,1
1,ultimately the most efficient measure for reducing carbon emissions and carbon leakages across borders is to foster international carbon markets,1
1,ultimately the most efficient measure for reducing carbon emissions and carbon leakages across borders is to foster international carbon markets,1
1,ultimately the most efficient measure for reducing carbon emissions and carbon leakages across borders is to foster international carbon markets,1
1,to discover more read the latest asian economic integration report,0
0,NONE,0
